,Unnamed: 0,mean_fit_time,std_fit_time,mean_score_time,std_score_time,param_model__C,param_model__gamma,param_model__kernel,params,split0_test_score,split1_test_score,split2_test_score,split3_test_score,split4_test_score,mean_test_score,std_test_score,rank_test_score,split0_train_score,split1_train_score,split2_train_score,split3_train_score,split4_train_score,mean_train_score,std_train_score,fold,model
0,0,1465.4472457885745,21.344511819603337,58.39229855537415,4.092529082864585,1,1.0,rbf,"{'model__C': 1, 'model__gamma': 1, 'model__kernel': 'rbf'}",0.1456498936904512,0.1467480065189405,0.1516340175848203,0.15058956969262,0.145740413935653,0.148072380284497,0.0025330604807934,21,1.0,1.0,1.0,1.0,1.0,1.0,0.0,1,svc
1,1,119.3203767299652,1.995316775612264,23.426516485214236,0.1649054143671565,1,1.0,poly,"{'model__C': 1, 'model__gamma': 1, 'model__kernel': 'poly'}",0.8129749705600061,0.8097465640499952,0.8219304750834073,0.8261389300527398,0.8120500060651162,0.8165681891622529,0.0063279216033073,5,1.0,1.0,1.0,1.0,1.0,1.0,0.0,1,svc
2,2,1588.6025586605072,20.24440416266944,71.20486521720886,1.834340053645064,1,1.0,sigmoid,"{'model__C': 1, 'model__gamma': 1, 'model__kernel': 'sigmoid'}",7.764159346430318e-05,0.0008537516527726,7.327298997304927e-05,0.0026352880571787,5.498026958053008e-05,0.0007389869125938,0.0009957456223488,25,7.373485886049834e-05,7.057380255402087e-05,6.992638862681003e-05,0.0027390250599323,6.536866365853542e-05,0.0006037257547264,0.0010676529958156,1,svc
3,3,248.79003391265869,0.7313459993464692,42.461324739456174,1.1283017200943362,1,0.1,rbf,"{'model__C': 1, 'model__gamma': 0.1, 'model__kernel': 'rbf'}",0.7394734065648711,0.7312107117123239,0.7574949383935594,0.7582627992228398,0.760875465112283,0.7494634642011754,0.0118754441122637,14,0.992754577987434,0.9926343141101738,0.9926361369912884,0.9932281722662616,0.9942959093524216,0.993109822141516,0.0006320591020351,1,svc
4,4,118.14067740440368,3.571158728487831,22.858790636062626,0.6334145865928761,1,0.1,poly,"{'model__C': 1, 'model__gamma': 0.1, 'model__kernel': 'poly'}",0.8096280959929301,0.811125708463885,0.8209008661273518,0.8289465185936704,0.814868579951248,0.817093953825817,0.0070892474580938,4,1.0,1.0,1.0,1.0,1.0,1.0,0.0,1,svc
5,5,1025.643750667572,27.61704628737125,70.72971105575562,2.044308045996164,1,0.1,sigmoid,"{'model__C': 1, 'model__gamma': 0.1, 'model__kernel': 'sigmoid'}",0.003105286698847,0.0022086942343433,0.0008758071200287,0.0008879684110063,0.0041179932763384,0.0022391499481128,0.0012621860311853,22,0.0021113140099272,0.0019610146176109,0.0003886276575864,0.0018797781446834,0.0036286712404281,0.0019938811340472,0.0010273526751833,1,svc
6,6,175.6450318336487,3.0790257635024454,51.76497282981872,2.3376290734395178,1,0.01,rbf,"{'model__C': 1, 'model__gamma': 0.01, 'model__kernel': 'rbf'}",0.7861160626599394,0.7761087208060747,0.7954821620608907,0.7985765479359659,0.8008672397154711,0.7914301466356684,0.0091600675139524,10,0.8658903844392176,0.8697887082541331,0.8699996183511531,0.8660489414880091,0.8694320642408715,0.868231943354677,0.0018567109247951,1,svc
7,7,405.4261336326599,14.997340621210723,52.75198798179626,0.5172335304936779,1,0.01,poly,"{'model__C': 1, 'model__gamma': 0.01, 'model__kernel': 'poly'}",0.607186541827675,0.6001637554737568,0.6184102717426155,0.617374129352077,0.6093974465239302,0.6105064289840109,0.0067654774682289,18,0.6548363689796377,0.659601906210328,0.6589584474071744,0.655757579726488,0.6530445169122753,0.6564397638471806,0.0024862366429994,1,svc
8,8,243.62620639801025,1.6901635511777675,47.981152057647705,0.5221531389684702,1,0.01,sigmoid,"{'model__C': 1, 'model__gamma': 0.01, 'model__kernel': 'sigmoid'}",0.7367109153534912,0.7456370371814256,0.7380813658480093,0.7657055165561011,0.7607619514095988,0.7493793572697252,0.011817325558608,15,0.7913027490781841,0.7963620760695527,0.7937669044496092,0.7970205991874414,0.7899648263635788,0.7936834310296732,0.0027500714751283,1,svc
9,9,1432.428353023529,32.70671508470391,59.91900782585144,4.252493810166909,10,1.0,rbf,"{'model__C': 10, 'model__gamma': 1, 'model__kernel': 'rbf'}",0.1477930268447432,0.1508514246451782,0.1526232859660103,0.1557435556059229,0.1495374246809597,0.1513097435485629,0.0027240612989802,20,1.0,1.0,1.0,1.0,1.0,1.0,0.0,1,svc
10,10,117.13869833946228,4.98137782272802,23.087250185012817,0.7644332227386764,10,1.0,poly,"{'model__C': 10, 'model__gamma': 1, 'model__kernel': 'poly'}",0.8095259812701333,0.8086708874304377,0.8200632338511539,0.8218247257428577,0.8116154770136627,0.814340061061649,0.0055047827260138,9,1.0,1.0,1.0,1.0,1.0,1.0,0.0,1,svc
11,11,1595.468775129318,19.95401249269637,71.22985172271729,3.454560366982829,10,1.0,sigmoid,"{'model__C': 10, 'model__gamma': 1, 'model__kernel': 'sigmoid'}",7.162853442049532e-05,7.403035655898677e-05,7.215343427799216e-05,0.0009634343589125,5.516476712945804e-05,0.0002472822902598,0.0003581406200916,27,6.777744770320978e-05,7.156441330123594e-05,6.904368865203371e-05,0.0026119984480547,6.559571974262905e-05,0.0005771959434907,0.0010174030847003,1,svc
12,12,264.1558395862579,3.9141186430389374,38.90498962402344,1.0740978412667082,10,0.1,rbf,"{'model__C': 10, 'model__gamma': 0.1, 'model__kernel': 'rbf'}",0.7566251089454117,0.7556778571533463,0.7718551312557905,0.7841258388343056,0.7673920215006403,0.7671351915378989,0.0105143543351129,12,1.0,1.0,1.0,1.0,1.0,1.0,0.0,1,svc
13,13,118.41892833709716,2.0408520348742054,22.872065162658693,0.798084260221541,10,0.1,poly,"{'model__C': 10, 'model__gamma': 0.1, 'model__kernel': 'poly'}",0.8119116063902458,0.8083430157221908,0.8219196457160257,0.8247187923617905,0.8156814445614029,0.8165149009503313,0.006085717358116,6,1.0,1.0,1.0,1.0,1.0,1.0,0.0,1,svc
14,14,914.9309655666352,20.128202466436704,71.5805781841278,0.4928556706040289,10,0.1,sigmoid,"{'model__C': 10, 'model__gamma': 0.1, 'model__kernel': 'sigmoid'}",0.0019598221562608,0.0030443682876392,6.837415581226944e-05,0.0010909608707191,0.0016525793391613,0.0015632209619185,0.0009814959393591,24,0.0018041893641028,0.0021360870434188,8.693527866379918e-05,0.0024498057340648,0.0013772837022218,0.0015708602244944,0.0008229184853737,1,svc
15,15,91.7753734111786,3.273359237786862,28.33858704566956,1.1532296418196584,10,0.01,rbf,"{'model__C': 10, 'model__gamma': 0.01, 'model__kernel': 'rbf'}",0.8256172272869502,0.8273300490100217,0.8304197718828078,0.8391790970021796,0.8324752122502601,0.8310042714864438,0.0047297618279058,1,0.9761005442458642,0.9783670700398468,0.9756289438163296,0.975390766418982,0.974684476278052,0.9760343601598148,0.0012527312183139,1,svc
16,16,198.99414625167847,4.292247266282509,38.91312136650085,0.1476629387748478,10,0.01,poly,"{'model__C': 10, 'model__gamma': 0.01, 'model__kernel': 'poly'}",0.7838031026256699,0.7712230227394329,0.7859653473131953,0.7834537834847785,0.7943099967052949,0.7837510505736743,0.0073950931301086,11,0.905441409419216,0.9079965795892084,0.905858735206474,0.908937711196937,0.9086399467393078,0.9073748764302288,0.0014468136788041,1,svc
17,17,107.21133179664612,3.4729437083270778,23.75455708503723,0.1955082769026012,10,0.01,sigmoid,"{'model__C': 10, 'model__gamma': 0.01, 'model__kernel': 'sigmoid'}",0.7261592594784934,0.7319377344490534,0.7437144756978175,0.7187870809427827,0.7298877577532127,0.7300972616642719,0.0081521506262286,16,0.7964658529028997,0.8294985970845977,0.8256830501474652,0.8011997806124751,0.8019030926031474,0.810950074670117,0.0137682028537432,1,svc
18,18,1451.807854270935,27.78037211213343,58.90589828491211,5.002418860652911,100,1.0,rbf,"{'model__C': 100, 'model__gamma': 1, 'model__kernel': 'rbf'}",0.1488356330509007,0.1518382851100076,0.153617045690632,0.1557435556059229,0.1495817881150864,0.1519232615145099,0.0025489888182958,19,1.0,1.0,1.0,1.0,1.0,1.0,0.0,1,svc
19,19,117.06496500968932,5.975121365016441,23.140023136138915,0.4628278622855792,100,1.0,poly,"{'model__C': 100, 'model__gamma': 1, 'model__kernel': 'poly'}",0.8109229186377065,0.8102577762904236,0.8171951219164396,0.8260337823116987,0.815541422811934,0.8159902043936406,0.0056756463144169,7,1.0,1.0,1.0,1.0,1.0,1.0,0.0,1,svc
20,20,1599.139694070816,19.673843248594803,70.8264018535614,3.792630437545196,100,1.0,sigmoid,"{'model__C': 100, 'model__gamma': 1, 'model__kernel': 'sigmoid'}",7.962892918997472e-05,7.296488767460902e-05,7.315556530963093e-05,0.0018859206142678,5.548394610995634e-05,0.0004334307885104,0.0007262892216446,26,0.0002986033845253,7.082126295407542e-05,7.010377198914771e-05,0.0025596359190683,6.606256503392158e-05,0.0006130453807141,0.0009773506308374,1,svc
21,21,261.2698956012726,3.239948931797338,39.17626438140869,1.3876314164521373,100,0.1,rbf,"{'model__C': 100, 'model__gamma': 0.1, 'model__kernel': 'rbf'}",0.7580365525414028,0.7575362785884149,0.7713199374572741,0.7831297446210322,0.7655419350818351,0.7671128896579917,0.009495242676254,13,1.0,1.0,1.0,1.0,1.0,1.0,0.0,1,svc
22,22,119.0592495918274,3.9901641118930535,23.149601221084595,0.6017896861642624,100,0.1,poly,"{'model__C': 100, 'model__gamma': 0.1, 'model__kernel': 'poly'}",0.8070356203815036,0.8040019440685726,0.8270438962276612,0.8228978174742357,0.8173799327621077,0.8156718421828162,0.0088907452391398,8,1.0,1.0,1.0,1.0,1.0,1.0,0.0,1,svc
23,23,884.38996925354,28.601672088117592,71.67341990470887,0.572237681800075,100,0.1,sigmoid,"{'model__C': 100, 'model__gamma': 0.1, 'model__kernel': 'sigmoid'}",0.0027169286646614,0.0023461984999956,0.0005823518227401,0.0012621218082662,0.0030156390664398,0.0019846479724206,0.0009185178257891,23,0.002792959594862,0.0018294927010717,0.0006042656822413,0.0019632431059411,0.0027066674702292,0.0019793257108691,0.0007879752274566,1,svc
24,24,87.53925318717957,1.0784923319906712,23.30035009384155,0.7311075925187764,100,0.01,rbf,"{'model__C': 100, 'model__gamma': 0.01, 'model__kernel': 'rbf'}",0.820662710413899,0.8164864595936139,0.8188766510045768,0.8261745910186161,0.8263641279699713,0.8217129080001355,0.0039497719991468,2,1.0,0.9998811272922018,1.0,0.9998811594786816,0.999881141420168,0.9999286856382102,5.822793346632571e-05,1,svc
25,25,127.60743041038512,2.253421461567744,25.9579261302948,0.1961975154188992,100,0.01,poly,"{'model__C': 100, 'model__gamma': 0.01, 'model__kernel': 'poly'}",0.808998054546079,0.8087850821404744,0.8229538022608557,0.8303948767524826,0.8185336991723171,0.8179331029744418,0.0082992206671283,3,0.993586266900048,0.9940622108995728,0.9924041808451696,0.9932304153525132,0.9928777024745769,0.993232155294376,0.0005701874874794,1,svc
26,26,72.15728607177735,1.114530936815075,14.532168197631837,0.5148053126219846,100,0.01,sigmoid,"{'model__C': 100, 'model__gamma': 0.01, 'model__kernel': 'sigmoid'}",0.692717814978524,0.6741226237757832,0.6758544832665924,0.6717265605816292,0.7170935019164704,0.6863029969037998,0.017083386739672,17,0.7981055107774464,0.7889222394535255,0.814725393460242,0.7912319976678879,0.8484412328747074,0.8082852748467617,0.0220151997110358,1,svc
27,0,1450.6720592975616,14.655633131244285,57.77896223068237,4.469792271901651,1,1.0,rbf,"{'model__C': 1, 'model__gamma': 1, 'model__kernel': 'rbf'}",0.1455668760603805,0.147552928880423,0.1505993801569051,0.1506508390668429,0.1456006232891857,0.1479941294907474,0.0022654150143373,21,1.0,1.0,1.0,1.0,1.0,1.0,0.0,2,svc
28,1,123.73415660858154,2.566658353749302,24.3190128326416,0.3746102771053396,1,1.0,poly,"{'model__C': 1, 'model__gamma': 1, 'model__kernel': 'poly'}",0.8091949298603122,0.8158788960437741,0.8064283772652425,0.8182821451214694,0.8165708706910637,0.8132710437963724,0.0046095049071583,7,1.0,1.0,1.0,1.0,1.0,1.0,0.0,2,svc
29,2,1602.554932451248,21.08015449693332,72.06163258552552,1.8291155608536616,1,1.0,sigmoid,"{'model__C': 1, 'model__gamma': 1, 'model__kernel': 'sigmoid'}",0.0038046001046601,6.776343033542899e-05,0.0012372361098581,0.0007251545411317,0.0012996263077615,0.0014268760987494,0.0012684894696327,23,0.0041024305998018,6.750354459530556e-05,0.0015183433968294,0.0007566232220336,0.001246018885009,0.0015381839296538,0.0013736704830571,2,svc
30,3,251.63062539100648,0.9127498196792706,42.25701580047608,1.0661410199365948,1,0.1,rbf,"{'model__C': 1, 'model__gamma': 0.1, 'model__kernel': 'rbf'}",0.748243528357317,0.7601322114057519,0.7394132589295779,0.7656598276387809,0.7589387433369095,0.7544775139336675,0.0094097467137336,14,0.992397308142316,0.9940596680541204,0.992396555128398,0.993345709014866,0.9923943205406748,0.992918712176075,0.0006787640756729,2,svc
31,4,123.8490177154541,4.234771000980498,23.97892541885376,0.8312647845408655,1,0.1,poly,"{'model__C': 1, 'model__gamma': 0.1, 'model__kernel': 'poly'}",0.8082323477807418,0.8153757837652139,0.8107906585160208,0.8154942807938077,0.8137205391990326,0.8127227220109635,0.0028146844929889,9,1.0,1.0,1.0,1.0,1.0,1.0,0.0,2,svc
32,5,1019.9106421470642,31.99401444026054,71.0028878211975,3.1850860081730747,1,0.1,sigmoid,"{'model__C': 1, 'model__gamma': 0.1, 'model__kernel': 'sigmoid'}",1.4357261304548622e-05,0.0001195961142862,0.0001516122585402,0.0002645343246199,0.0001742909484269,0.0001448781814355,8.112082934671572e-05,27,0.0001527765945443,0.0002376921897332,0.0001803052824531,0.0003325155101333,0.0001196309129881,0.0002045840979704,7.477046728616924e-05,2,svc
33,6,178.6812554359436,3.4401848534864983,51.3230963230133,1.456880619130207,1,0.01,rbf,"{'model__C': 1, 'model__gamma': 0.01, 'model__kernel': 'rbf'}",0.7869751057936557,0.8110088689591142,0.7791948404939198,0.8062927081322648,0.7939446911484724,0.7954832429054853,0.011814882094967,10,0.8720056874283463,0.8659701162840463,0.8707150619895858,0.8690508948607409,0.8689370823011126,0.8693357685727664,0.0020297111187869,2,svc
34,7,408.99057512283326,17.26991914370587,53.58147010803223,0.2390843895521172,1,0.01,poly,"{'model__C': 1, 'model__gamma': 0.01, 'model__kernel': 'poly'}",0.5928748151661145,0.6232077270496875,0.6093640310316448,0.6109093277880172,0.609755379844493,0.6092222561759915,0.0096538360739151,18,0.6588412540454324,0.6506177142064263,0.6528877537449456,0.6471925019008663,0.652311581334078,0.6523701610463497,0.0037954078184214,2,svc
35,8,244.3431666851044,0.5398531820997372,48.08445572853088,0.4557679334867118,1,0.01,sigmoid,"{'model__C': 1, 'model__gamma': 0.01, 'model__kernel': 'sigmoid'}",0.7510506561600425,0.7603536088837576,0.7288275375283233,0.7675394586274868,0.7508352808681116,0.7517213084135443,0.013039095460961,15,0.7919337217779981,0.7903453964561981,0.7911724012290976,0.7939099436950977,0.7868236266942292,0.7908370179705242,0.0023283949377282,2,svc
36,9,1390.0296833992004,42.62911542709063,57.98215265274048,3.6639356345603775,10,1.0,rbf,"{'model__C': 10, 'model__gamma': 1, 'model__kernel': 'rbf'}",0.1504346972220813,0.149625998800518,0.1535976883267612,0.1508895227473196,0.1496829019165393,0.1508461618026439,0.0014549263074038,20,1.0,1.0,1.0,1.0,1.0,1.0,0.0,2,svc
37,10,118.22783784866331,5.646328051369659,22.95603756904602,0.859935580089945,10,1.0,poly,"{'model__C': 10, 'model__gamma': 1, 'model__kernel': 'poly'}",0.810629344020555,0.8144022859489903,0.8097582928161007,0.8231503540408054,0.8170208725767593,0.8149922298806421,0.0048465923093937,4,1.0,1.0,1.0,1.0,1.0,1.0,0.0,2,svc
38,11,1553.0917295455934,22.70589351623705,70.36632332801818,0.2104987067646714,10,1.0,sigmoid,"{'model__C': 10, 'model__gamma': 1, 'model__kernel': 'sigmoid'}",0.0026839450298374,6.864700565575052e-05,0.0016809727075849,0.0011473761272185,0.0009486077037926,0.0013059097148178,0.000862933394295,24,0.002433614375341,6.838853300615673e-05,0.0002908826673812,0.0013092864558894,0.0012024908889263,0.0010609325841088,0.0008419138040088,2,svc
39,12,260.9007566928864,5.048556681080426,37.07772188186645,1.3182191461185893,10,0.1,rbf,"{'model__C': 10, 'model__gamma': 0.1, 'model__kernel': 'rbf'}",0.7668471600765466,0.774014300049493,0.7522260187102594,0.7750570235368803,0.772853240484192,0.7681995485714743,0.0084791008596327,13,1.0,1.0,1.0,1.0,1.0,1.0,0.0,2,svc
40,13,117.52461133003234,3.407246309913732,22.787061357498168,0.5930822160225468,10,0.1,poly,"{'model__C': 10, 'model__gamma': 0.1, 'model__kernel': 'poly'}",0.8129915302481611,0.8094553993763804,0.8107125178112736,0.820920574058148,0.8161785332888423,0.814051710956561,0.0041256497107615,5,1.0,1.0,1.0,1.0,1.0,1.0,0.0,2,svc
41,14,888.5016538143158,50.04049163500624,70.01073932647705,0.3585317894506075,10,0.1,sigmoid,"{'model__C': 10, 'model__gamma': 0.1, 'model__kernel': 'sigmoid'}",1.3726647540871091e-05,0.0010673454284263,0.0032502967901378,9.773756721216765e-05,0.0001669733895235,0.0009192159645681,0.0012260902663086,25,0.0001329534503063,0.0003808812647358,0.0034180609834823,0.0002269089786645,0.0005771569222214,0.0009471923198821,0.0012445577035901,2,svc
42,15,88.68871679306031,4.312953269432252,27.919573402404787,1.3128647020842137,10,0.01,rbf,"{'model__C': 10, 'model__gamma': 0.01, 'model__kernel': 'rbf'}",0.8263452916361295,0.8238092594147558,0.8310577340099321,0.8392684240419859,0.8270292163809827,0.8295019850967572,0.0054090684737452,1,0.9768162809345726,0.9758717945153418,0.9761063211921782,0.9736208589296572,0.9759940601218752,0.9756818631387252,0.0010815126082098,2,svc
43,16,193.2541495323181,7.887088458827713,38.143108701705934,0.6339802085407943,10,0.01,poly,"{'model__C': 10, 'model__gamma': 0.01, 'model__kernel': 'poly'}",0.7723345287917958,0.8044615166248782,0.7713465527844984,0.8073682697580872,0.7825677807618197,0.7876157297442159,0.0154766041692097,11,0.9051398778123672,0.9035924017424432,0.9052477241972204,0.9034813030160888,0.9063434330797628,0.9047609479695764,0.0010851534027456,2,svc
44,17,101.70374393463136,2.1249574614640667,22.622228956222536,0.1740360543081408,10,0.01,sigmoid,"{'model__C': 10, 'model__gamma': 0.01, 'model__kernel': 'sigmoid'}",0.7412345849289003,0.746763182271578,0.708279179412184,0.7278418212427478,0.7118839960148082,0.7272005527740436,0.0153145488832552,16,0.8261625711286023,0.7974257918539082,0.7973040473383504,0.7901572818768863,0.7911005152096612,0.8004300414814816,0.0132176403915222,2,svc
45,18,1351.6959977149963,28.02476069858264,54.81237931251526,5.275489175068015,100,1.0,rbf,"{'model__C': 100, 'model__gamma': 1, 'model__kernel': 'rbf'}",0.1494105745964495,0.150665192433598,0.15172955999729,0.1518740169774319,0.1516383271735166,0.1510635342356572,0.0009297108444461,19,1.0,1.0,1.0,1.0,1.0,1.0,0.0,2,svc
46,19,119.3747538089752,2.517240906618318,23.42894778251648,0.2709289356208363,100,1.0,poly,"{'model__C': 100, 'model__gamma': 1, 'model__kernel': 'poly'}",0.8143936984069208,0.8159551361035554,0.8083942070137105,0.8199921713584243,0.8108726359621721,0.8139215697689565,0.0040263690226377,6,1.0,1.0,1.0,1.0,1.0,1.0,0.0,2,svc
47,20,1548.711731863022,17.540949915550712,69.29365558624268,1.781303630303109,100,1.0,sigmoid,"{'model__C': 100, 'model__gamma': 1, 'model__kernel': 'sigmoid'}",0.0007567488057728,6.902780094683132e-05,7.095710790654358e-05,0.0011460257822749,0.0010907242282002,0.0006266967450202,0.00047366209222,26,0.0013164840609673,6.861126905252529e-05,0.0002722207780527,0.0013496348724187,0.0010955232009537,0.000820494836289,0.0005417690341497,2,svc
48,21,260.4714898109436,4.97230832074304,36.86330380439758,1.0734846276160623,100,0.1,rbf,"{'model__C': 100, 'model__gamma': 0.1, 'model__kernel': 'rbf'}",0.763122765128637,0.7722771563566416,0.752569338654971,0.7789263209081592,0.7761667339124136,0.7686124629921645,0.0096373364871727,12,1.0,1.0,1.0,1.0,1.0,1.0,0.0,2,svc
49,22,118.8070601940155,3.0196070403518767,23.21817798614502,0.5184350206702495,100,0.1,poly,"{'model__C': 100, 'model__gamma': 0.1, 'model__kernel': 'poly'}",0.8110790635747871,0.8098734381748302,0.8103531861638471,0.8197324032577018,0.8146941323918379,0.8131464447126009,0.0037029479336256,8,1.0,1.0,1.0,1.0,1.0,1.0,0.0,2,svc
50,23,851.6070491313934,19.09469602021152,69.81495990753174,0.1618280266838286,100,0.1,sigmoid,"{'model__C': 100, 'model__gamma': 0.1, 'model__kernel': 'sigmoid'}",0.0005980875693145,0.0018058012274425,0.0054121267225773,0.0018401416477592,0.0005507719359462,0.0020413858206079,0.0017755524853512,22,0.0005217175607516,0.0011163881245863,0.0051584123304401,0.0020834625252795,0.0003592489045663,0.0018478458891248,0.0017620972248233,2,svc
51,24,80.47707419395446,3.13617606121184,22.77120351791382,1.03370394973804,100,0.01,rbf,"{'model__C': 100, 'model__gamma': 0.01, 'model__kernel': 'rbf'}",0.822047367189376,0.8148309763382207,0.8268683773937809,0.8268035653905346,0.8312950122651612,0.8243690597154147,0.0055947746363315,2,1.0,1.0,1.0,0.99988114142598,1.0,0.999976228285196,4.754342960802127e-05,2,svc
52,25,126.10740356445312,3.607270910876269,25.79952940940857,0.3659395932137393,100,0.01,poly,"{'model__C': 100, 'model__gamma': 0.01, 'model__kernel': 'poly'}",0.8177491529035644,0.8159532310478261,0.8071038905040461,0.8235570358288568,0.8210139678032093,0.8170754556175005,0.0056332606384422,3,0.9934679808355132,0.9939425043345173,0.9919276241641198,0.9929969540819372,0.9934694592600456,0.9931609045352264,0.0006853116580867,2,svc
53,26,64.70405879020691,5.48089249457746,11.97490735054016,3.4717931207151134,100,0.01,sigmoid,"{'model__C': 100, 'model__gamma': 0.01, 'model__kernel': 'sigmoid'}",0.7057697520069796,0.6943321037499255,0.724763696825742,0.6881545438185143,0.7271703610066246,0.7080380914815572,0.0157107895578122,17,0.8260404332029302,0.7895402401392243,0.8476638320215127,0.7873885296442202,0.8390074309717437,0.8179280931959262,0.0250315714570912,2,svc
54,0,1446.9155581474304,16.245737027235034,56.76019196510315,4.559913297263673,1,1.0,rbf,"{'model__C': 1, 'model__gamma': 1, 'model__kernel': 'rbf'}",0.1505504158269458,0.1495530798044032,0.1476431510814075,0.1486984510858873,0.1467830851342877,0.1486456365865863,0.0013363009855534,21,1.0,1.0,1.0,1.0,1.0,1.0,0.0,3,svc
55,1,116.09428386688232,1.205751222531011,22.64962706565857,0.1821320539354012,1,1.0,poly,"{'model__C': 1, 'model__gamma': 1, 'model__kernel': 'poly'}",0.8188544255052165,0.8139344594641719,0.8155721240269482,0.8082154461960952,0.8138307081297964,0.8140814326644457,0.0034495762799808,4,1.0,1.0,1.0,1.0,1.0,1.0,0.0,3,svc
56,2,1534.5422548770905,22.45690410843124,70.01591138839721,0.9588811512521428,1,1.0,sigmoid,"{'model__C': 1, 'model__gamma': 1, 'model__kernel': 'sigmoid'}",0.0008600420022639,0.0009321009292922,6.67066906810753e-05,0.000992629576795,7.354845234136901e-05,0.0005850055302747,0.0004224925253628,26,0.0002612929625837,0.0024157295841157,0.0005148046659043,0.0016270672354475,8.001103348051378e-05,0.0009797810963063,0.0008969885005565,3,svc
57,3,239.39213037490845,0.935681881194846,40.87071423530578,1.1378327035685158,1,0.1,rbf,"{'model__C': 1, 'model__gamma': 0.1, 'model__kernel': 'rbf'}",0.746794785814835,0.750978944060293,0.7579018066659894,0.753818075162551,0.7522907409047186,0.7523568705216773,0.0036255006990019,14,0.994298102984944,0.9931095601885432,0.992276470164006,0.9926360173638186,0.9932283002628358,0.9931096901928296,0.0006848379217661,3,svc
58,4,116.2940197944641,2.8759053152060243,22.504633808135985,0.6383495256872748,1,0.1,poly,"{'model__C': 1, 'model__gamma': 0.1, 'model__kernel': 'poly'}",0.8136120230922629,0.8109170650661225,0.8162890703559933,0.803943241126594,0.8080735867542739,0.8105669972790495,0.0042948362382941,9,1.0,1.0,1.0,1.0,1.0,1.0,0.0,3,svc
59,5,963.0676612854004,21.787343441248137,68.98295459747314,0.2487802693583312,1,0.1,sigmoid,"{'model__C': 1, 'model__gamma': 0.1, 'model__kernel': 'sigmoid'}",0.0022553192252724,0.0011671137127969,0.0015543913209451,0.0040328611480745,0.0004775876425235,0.0018974546099225,0.0012128594821718,23,0.0012164804688741,0.0013949436152452,0.0022095175716884,0.0011734567416317,0.0001688122429392,0.0012326421280757,0.0006505575360837,3,svc
60,6,170.55373268127445,2.88888879084909,50.505909061431886,2.0147774194228285,1,0.01,rbf,"{'model__C': 1, 'model__gamma': 0.01, 'model__kernel': 'rbf'}",0.7914050658258226,0.7886552125181318,0.8139230946206708,0.7855107772692751,0.7891793654730724,0.7937347031413945,0.0102682388320196,10,0.8677847036344499,0.864899238869011,0.866752086268683,0.8749020420824819,0.868248254256124,0.86851726502215,0.0033935338620858,3,svc
61,7,393.6508301734924,13.98643333554412,51.48893241882324,0.3376032666620721,1,0.01,poly,"{'model__C': 1, 'model__gamma': 0.01, 'model__kernel': 'poly'}",0.5928614565810496,0.6054304742798053,0.6068315183909511,0.5986311176472371,0.6010774693546329,0.6009664072507352,0.0050096618809712,18,0.6482927557528402,0.6625552572377278,0.6513115461411706,0.6559608543568758,0.647440232383156,0.653112129174354,0.0055843849335839,3,svc
62,8,234.11643171310425,0.9053169940863202,46.506787109375,0.1881946893281715,1,0.01,sigmoid,"{'model__C': 1, 'model__gamma': 0.01, 'model__kernel': 'sigmoid'}",0.7488522249161282,0.7508462188368612,0.7532249692705428,0.746698395754425,0.749865126999997,0.7498973871555908,0.0021587049404817,15,0.7966049927645722,0.7904605561604889,0.7947033923123059,0.7958565259897046,0.797558916670713,0.795036876779557,0.0024716561282323,3,svc
63,9,1391.6693903446198,31.319229621579357,58.80836157798767,3.388955348645163,10,1.0,rbf,"{'model__C': 10, 'model__gamma': 1, 'model__kernel': 'rbf'}",0.152628969502172,0.1547338879761194,0.1535598708751557,0.1507597195524697,0.1498441442369951,0.1523053184285824,0.0017901316260565,19,1.0,1.0,1.0,1.0,1.0,1.0,0.0,3,svc
64,10,115.33876876831054,3.694049301111412,22.597675037384032,0.2975538622544214,10,1.0,poly,"{'model__C': 10, 'model__gamma': 1, 'model__kernel': 'poly'}",0.8104391208216313,0.8096984979672097,0.8157869446611946,0.8091162360540608,0.8080914613826207,0.8106264521773433,0.0026919808987871,8,1.0,1.0,1.0,1.0,1.0,1.0,0.0,3,svc
65,11,1544.76404337883,16.916884523434703,70.17160143852234,0.2891559704204371,10,1.0,sigmoid,"{'model__C': 10, 'model__gamma': 1, 'model__kernel': 'sigmoid'}",0.0009925515048048,0.0001241966103848,6.927233263034743e-05,0.0009805591536783,7.073719951427123e-05,0.0004474633602025,0.0004406278827828,27,0.0007526434295558,0.0003027285041844,0.0003006632002425,0.0018212468765976,8.57295613674284e-05,0.0006526023143895,0.0006234349811736,3,svc
66,12,259.1741979598999,3.643980477969191,37.27208323478699,1.137982491700694,10,0.1,rbf,"{'model__C': 10, 'model__gamma': 0.1, 'model__kernel': 'rbf'}",0.7670567421839782,0.7660418793402239,0.7695222934779091,0.7697580493758894,0.7758841982636001,0.7696526325283203,0.0034245203389123,13,1.0,1.0,1.0,1.0,1.0,1.0,0.0,3,svc
67,13,115.79974455833435,4.061134772534001,21.97637405395508,0.6362005647668049,10,0.1,poly,"{'model__C': 10, 'model__gamma': 0.1, 'model__kernel': 'poly'}",0.8173737971352908,0.8145302713535978,0.817961656475848,0.8095343278217678,0.806196827652735,0.8131193760878478,0.0045675518861302,5,1.0,1.0,1.0,1.0,1.0,1.0,0.0,3,svc
68,14,848.9706013679504,17.866039199626062,69.5411892414093,0.7761187115855651,10,0.1,sigmoid,"{'model__C': 10, 'model__gamma': 0.1, 'model__kernel': 'sigmoid'}",0.0022691821757089,0.0004872237872774,0.0015432598284263,0.0013564495750894,0.000394828773061,0.0012101888279126,0.000698754016411,24,0.0012958086541611,0.0014702577739783,0.0023676642018088,0.0024057791278176,0.0001855970735844,0.00154502136627,0.0008165018232778,3,svc
69,15,88.3322853088379,3.7397633255382585,28.27879590988159,0.9022461249674,10,0.01,rbf,"{'model__C': 10, 'model__gamma': 0.01, 'model__kernel': 'rbf'}",0.828234740759991,0.8374121664050895,0.8342247889543795,0.8159825889760748,0.8282089163916458,0.8288126402974362,0.0073287361761716,1,0.9784811249889084,0.9777672120658316,0.9759919356305876,0.97610315673506,0.9756314371575792,0.9767949733155934,0.001119433048336,3,svc
70,16,190.59977078437805,5.690300971333941,37.70060315132141,0.1094255289599969,10,0.01,poly,"{'model__C': 10, 'model__gamma': 0.01, 'model__kernel': 'poly'}",0.7829670870261297,0.78401934504846,0.7858652631691849,0.765915198953802,0.7733027353088838,0.7784139259012921,0.0076159946389673,11,0.9046952513730468,0.9032215396745248,0.901788154053722,0.904025173983816,0.90118857616305,0.9029837390496318,0.0013207909421513,3,svc
71,17,102.351731300354,1.238148393670616,22.44803104400635,0.2689959938169021,10,0.01,sigmoid,"{'model__C': 10, 'model__gamma': 0.01, 'model__kernel': 'sigmoid'}",0.7402174517082596,0.749579629231236,0.7592503837116583,0.7546473126271533,0.7247145325132945,0.7456818619583203,0.012240632021404,16,0.831020779692387,0.8257206524669961,0.8342953503394624,0.8278829646878254,0.803259185990884,0.824435786635511,0.0109777544295969,3,svc
72,18,1412.3215981006622,10.40412534224776,56.79687199592591,5.259795183910621,100,1.0,rbf,"{'model__C': 100, 'model__gamma': 1, 'model__kernel': 'rbf'}",0.1536668912945828,0.1544773582683036,0.1535598708751557,0.1507597195524697,0.1479314677561312,0.1520790615493286,0.0024252432574758,20,1.0,1.0,1.0,1.0,1.0,1.0,0.0,3,svc
73,19,116.7130365371704,2.0619016580141705,22.69522609710693,0.1402648119655658,100,1.0,poly,"{'model__C': 100, 'model__gamma': 1, 'model__kernel': 'poly'}",0.8165638715804985,0.8065693726398927,0.8174198508912642,0.8054203053604713,0.8090427254677007,0.8110032251879655,0.0050351856984715,7,1.0,1.0,1.0,1.0,1.0,1.0,0.0,3,svc
74,20,1545.8706276893615,17.501592302946243,68.69246716499329,3.618313815880205,100,1.0,sigmoid,"{'model__C': 100, 'model__gamma': 1, 'model__kernel': 'sigmoid'}",0.0021659886306271,0.0009823385371356,6.820235639141332e-05,0.0017804846939994,7.088365334349333e-05,0.0010135795742994,0.0008601836759271,25,0.0008070355394409,0.0011543031809752,0.0005023471599469,0.0027367742979958,8.25472888261851e-05,0.001056601493437,0.0009111299466084,3,svc
75,21,257.440789270401,4.406847668730798,36.99748349189758,0.8996364224733814,100,0.1,rbf,"{'model__C': 100, 'model__gamma': 0.1, 'model__kernel': 'rbf'}",0.7673342051998083,0.7670331785365323,0.771978505889532,0.7703594204661744,0.7744672267676362,0.7702345073719365,0.0028154327054739,12,1.0,1.0,1.0,1.0,1.0,1.0,0.0,3,svc
76,22,115.03871755599975,3.310382235272741,22.012212610244752,0.7353293572375482,100,0.1,poly,"{'model__C': 100, 'model__gamma': 0.1, 'model__kernel': 'poly'}",0.8155136554580258,0.8072188876440229,0.8165002550007388,0.8119169366880851,0.8105123092658901,0.8123324088113526,0.0033800813675023,6,1.0,1.0,1.0,1.0,1.0,1.0,0.0,3,svc
77,23,810.0399875164032,25.76500877097693,69.75793623924255,0.6318627879442871,100,0.1,sigmoid,"{'model__C': 100, 'model__gamma': 0.1, 'model__kernel': 'sigmoid'}",0.0029044926577934,0.0042200588210068,0.0023023034312613,0.001853781279658,0.0048779854309769,0.0032317243241393,0.0011451298182299,22,0.0016877749381376,0.0070413373180191,0.0039553468908257,0.002526251429738,0.0044046113031383,0.0039230643759718,0.001838703946947,3,svc
78,24,83.21797647476197,1.742563826662426,22.953964281082158,1.147861079095379,100,0.01,rbf,"{'model__C': 100, 'model__gamma': 0.01, 'model__kernel': 'rbf'}",0.8226055743292281,0.823172511522652,0.8157688999604904,0.8156048122984629,0.8240448355124099,0.8202393267246487,0.0037456117614982,2,1.0,1.0,1.0,1.0,1.0,1.0,0.0,3,svc
79,25,124.60159430503845,2.580819819956738,25.183146286010743,0.1637107062702034,100,0.01,poly,"{'model__C': 100, 'model__gamma': 0.01, 'model__kernel': 'poly'}",0.8143153091485384,0.8172276064678017,0.8185237183538161,0.8131308546576662,0.8142198835530137,0.8154834744361672,0.0020386844534639,3,0.9933503126227916,0.9928756864072704,0.9926388083996792,0.9935899091328372,0.9924024582008713,0.99297143495269,0.0004403637932978,3,svc
80,26,65.69348430633545,4.596990621870412,12.054717969894408,2.2921374646386288,100,0.01,sigmoid,"{'model__C': 100, 'model__gamma': 0.01, 'model__kernel': 'sigmoid'}",0.6786848973303249,0.713526582842193,0.6939763414987701,0.6917999510665006,0.6946741686387116,0.6945323882753001,0.0111329950982224,17,0.7988521411361988,0.8229257638249143,0.8161961807640098,0.7874075009127601,0.805762793271514,0.8062288759818795,0.0125460020550899,3,svc
81,0,1305.086307477951,16.518636582159658,52.01128177642822,5.0736024719469,1,1.0,rbf,"{'model__C': 1, 'model__gamma': 1, 'model__kernel': 'rbf'}",0.150109125574661,0.1490046125499173,0.1478569617622978,0.1511106222487913,0.1475784043729063,0.1491319453017147,0.0013360636077428,21,1.0,1.0,1.0,1.0,1.0,1.0,0.0,4,svc
82,1,109.69011378288268,1.4899998611145835,21.369175815582278,0.2939753453770297,1,1.0,poly,"{'model__C': 1, 'model__gamma': 1, 'model__kernel': 'poly'}",0.8148049595718488,0.8116534742051708,0.8190444596545887,0.8165402876942924,0.7977402408121306,0.8119566843876062,0.0075041035891424,7,1.0,1.0,1.0,1.0,1.0,1.0,0.0,4,svc
83,2,1403.996562051773,18.077000950981343,62.5541754245758,1.668441691047978,1,1.0,sigmoid,"{'model__C': 1, 'model__gamma': 1, 'model__kernel': 'sigmoid'}",6.358448328411228e-05,0.0013992747436909,6.840471167131367e-05,0.0008720332330911,0.002548602525529,0.0009903799394533,0.0009293273556519,25,6.33628773658638e-05,0.0009633353383578,0.0005325348825541,0.0017264016605595,0.0007709333890307,0.0008113136295736,0.0005475902091417,4,svc
84,3,224.38236808776853,1.2839790315799604,37.53151741027832,1.068538653514897,1,0.1,rbf,"{'model__C': 1, 'model__gamma': 0.1, 'model__kernel': 'rbf'}",0.7682767361691271,0.7458948352815898,0.7433964364032495,0.7524752752014945,0.7343525727206625,0.7488791711552246,0.0113065131302835,15,0.9920168727237691,0.9940436827474454,0.9926516985245084,0.9929056988461934,0.9927746497574615,0.9928785205198756,0.0006577257719412,4,svc
85,4,107.90432057380676,2.7585674780753715,20.757021331787108,0.6001742277247176,1,0.1,poly,"{'model__C': 1, 'model__gamma': 0.1, 'model__kernel': 'poly'}",0.8191657908161264,0.8106316844508461,0.8161993885645482,0.8178969648023986,0.7951957676661262,0.811817919260009,0.0088073419487465,8,1.0,1.0,1.0,1.0,1.0,1.0,0.0,4,svc
86,5,886.2785576820373,29.42102867344109,61.35588579177856,2.844213612043992,1,0.1,sigmoid,"{'model__C': 1, 'model__gamma': 0.1, 'model__kernel': 'sigmoid'}",0.0003222387200018,0.0001050780336039,0.0020678984428454,0.0013910479368718,0.0026533000468091,0.0013079126360264,0.000981113789468,23,0.0005767543636833,0.0001716829335776,0.0016617720917865,0.0012977085576531,0.0015748595533393,0.001056555500008,0.0005841728513231,4,svc
87,6,161.87598252296448,0.9205597812951974,45.21416573524475,1.628413908402305,1,0.01,rbf,"{'model__C': 1, 'model__gamma': 0.01, 'model__kernel': 'rbf'}",0.8076887654149204,0.7980710499509499,0.787370319619599,0.7979770650041109,0.7901750192656127,0.7962564438510386,0.0071119369743415,10,0.8691888130541295,0.8662395434895293,0.8673686005473752,0.8674276645734239,0.8698182382888368,0.868008571990659,0.0013072367644837,4,svc
88,7,365.9903876781464,14.342494437884325,45.73076400756836,2.3281717016000663,1,0.01,poly,"{'model__C': 1, 'model__gamma': 0.01, 'model__kernel': 'poly'}",0.6158523305390863,0.6158455127269431,0.6033566888034484,0.5992838362986004,0.5888320166667457,0.6046340770069648,0.0103102610099842,18,0.650080973307056,0.6495903407776148,0.6537217584443586,0.6513994156994641,0.6506498117005679,0.6510884599858123,0.0014479473136564,4,svc
89,8,218.66986546516415,1.527844489814178,42.39263963699341,0.2495323001150654,1,0.01,sigmoid,"{'model__C': 1, 'model__gamma': 0.01, 'model__kernel': 'sigmoid'}",0.7657388156168067,0.7521498866018101,0.733342760040389,0.7546980750931281,0.7453087067445657,0.7502476488193399,0.0107104571778528,14,0.7910085187366614,0.7862519296912862,0.7990292674471672,0.7938802811962578,0.7912100233964726,0.792276004093569,0.0041764237650425,4,svc
90,9,1280.5843280792235,19.83421010431053,52.98757576942444,3.6756625912056538,10,1.0,rbf,"{'model__C': 10, 'model__gamma': 1, 'model__kernel': 'rbf'}",0.1566106633201743,0.1481539343247727,0.1551956153575525,0.1512148508354717,0.1507569078426867,0.1523863943361316,0.0030879646808455,20,1.0,1.0,1.0,1.0,1.0,1.0,0.0,4,svc
91,10,106.2774935722351,3.08480451196383,20.63371810913086,0.5102825155972049,10,1.0,poly,"{'model__C': 10, 'model__gamma': 1, 'model__kernel': 'poly'}",0.8213489111722697,0.8122263542811782,0.8177021034646129,0.8228682047563111,0.798189859353761,0.8144670866056266,0.0089260589061964,4,1.0,1.0,1.0,1.0,1.0,1.0,0.0,4,svc
92,11,1406.957670021057,16.507067094122608,62.4502525806427,3.165741319734903,10,1.0,sigmoid,"{'model__C': 10, 'model__gamma': 1, 'model__kernel': 'sigmoid'}",6.455447277135019e-05,0.0009427971064535,6.898147989788461e-05,0.0020459840637239,0.0024178857855676,0.0011080405816828,0.0009789019272881,24,6.429236554726219e-05,0.0016239725920409,0.0010115441335885,0.0023574893092232,0.0007913060276584,0.0011697208856116,0.0007755421772534,4,svc
93,12,240.52592301368716,5.261423106694286,34.28539342880249,0.6037241881273926,10,0.1,rbf,"{'model__C': 10, 'model__gamma': 0.1, 'model__kernel': 'rbf'}",0.7747577135870752,0.7644936032618488,0.7599831686099515,0.7701451082930226,0.7504421470570422,0.763964348161788,0.0084104501342762,13,1.0,1.0,1.0,1.0,1.0,1.0,0.0,4,svc
94,13,108.14403748512268,3.177729535338748,20.75515751838684,0.5369696921452277,10,0.1,poly,"{'model__C': 10, 'model__gamma': 0.1, 'model__kernel': 'poly'}",0.8177232230142281,0.8062155207387844,0.814188692634745,0.821192056290367,0.795133812922905,0.8108906611202059,0.0093146643423919,9,1.0,1.0,1.0,1.0,1.0,1.0,0.0,4,svc
95,14,788.5947458267212,28.8005015715614,63.27915015220642,0.6262703900560959,10,0.1,sigmoid,"{'model__C': 10, 'model__gamma': 0.1, 'model__kernel': 'sigmoid'}",0.0007333675318454,9.252746871720192e-05,0.0006676595693959,0.0010086790757802,0.0020833572666687,0.0009171181824815,0.0006548955252779,26,0.0005945205698521,0.0001633800283904,0.0014093264883902,0.0010664291431074,0.0011344820887097,0.00087362766369,0.0004414845740413,4,svc
96,15,86.57968630790711,1.321680094782125,25.35280923843384,1.8044414748439168,10,0.01,rbf,"{'model__C': 10, 'model__gamma': 0.01, 'model__kernel': 'rbf'}",0.8274177340109904,0.8249598064968722,0.8270835611029621,0.8278771713157997,0.821453870741137,0.8257584287335522,0.0023734092321808,1,0.9774205610457722,0.9806008079826614,0.9787041603444396,0.9768025305596884,0.9788254291526004,0.9784706978170324,0.0013117375977443,4,svc
97,16,180.10256667137145,2.4113039782452432,35.09174885749817,0.2334408992111358,10,0.01,poly,"{'model__C': 10, 'model__gamma': 0.01, 'model__kernel': 'poly'}",0.7834733118983236,0.790635306365914,0.7714974230665136,0.7680865989201097,0.7719233866489957,0.7771232053799713,0.0085234796137793,11,0.9043816780310944,0.9034679377724324,0.9039465521499004,0.9014385298111478,0.903676152563178,0.9033821700655504,0.0010187308336661,4,svc
98,17,95.93382997512818,1.5831011618514623,21.10068817138672,0.0606638381237492,10,0.01,sigmoid,"{'model__C': 10, 'model__gamma': 0.01, 'model__kernel': 'sigmoid'}",0.7744703232473233,0.7445997324730547,0.749739851628558,0.7361039656714047,0.723957379596349,0.7457742505233379,0.0167932149436541,16,0.8333003592133876,0.8285524797436541,0.8336403134750436,0.8277785798136922,0.7958473144133936,0.8238238093318342,0.0141905148081424,4,svc
99,18,1291.046945476532,15.839434057701355,52.09952044487,4.376824834553874,100,1.0,rbf,"{'model__C': 100, 'model__gamma': 1, 'model__kernel': 'rbf'}",0.1566633790862114,0.1481539343247727,0.1521936786173425,0.1533885495154196,0.1518029122085099,0.1524404907504512,0.0027412985950039,19,1.0,1.0,1.0,1.0,1.0,1.0,0.0,4,svc
100,19,107.43615765571596,5.270996302799288,21.26022181510925,0.1863471880598649,100,1.0,poly,"{'model__C': 100, 'model__gamma': 1, 'model__kernel': 'poly'}",0.8221291518683981,0.8087294450436996,0.8221484956894145,0.821429610933794,0.7955653916858589,0.8140004190442329,0.0105384414700906,5,1.0,1.0,1.0,1.0,1.0,1.0,0.0,4,svc
101,20,1414.1596215248107,15.534818495078635,63.33622045516968,2.370141463863857,100,1.0,sigmoid,"{'model__C': 100, 'model__gamma': 1, 'model__kernel': 'sigmoid'}",0.0001114860730309,0.0010620435288615,7.032553165520729e-05,0.0004123456687732,0.0007655141953985,0.0004843429995438,0.0003816835102426,27,6.724276862374614e-05,0.0015364824234885,0.0012354467152681,0.001811616755038,0.0002763213911203,0.0009854220107077,0.0006920483359241,4,svc
102,21,235.3835364818573,3.717718900478749,34.852154922485354,0.7550615615588627,100,0.1,rbf,"{'model__C': 100, 'model__gamma': 0.1, 'model__kernel': 'rbf'}",0.7774707220216968,0.7657208951193294,0.7604619122053574,0.7671644046013437,0.7510221046968594,0.7643680077289173,0.0086568120180321,12,1.0,1.0,1.0,1.0,1.0,1.0,0.0,4,svc
103,22,108.97383489608764,3.2835680633261,21.17171621322632,0.4606224204592453,100,0.1,poly,"{'model__C': 100, 'model__gamma': 0.1, 'model__kernel': 'poly'}",0.8194447765135885,0.8110360772541467,0.8177721191748745,0.8200165072284464,0.7982557167801342,0.813305039390238,0.0081771055329799,6,1.0,1.0,1.0,1.0,1.0,1.0,0.0,4,svc
104,23,762.9108364105225,34.43947482128056,63.70787625312805,0.6845350777884346,100,0.1,sigmoid,"{'model__C': 100, 'model__gamma': 0.1, 'model__kernel': 'sigmoid'}",0.0013441900209589,0.0039531772032408,0.0033274637754181,0.0020952257328237,0.0015603264711989,0.0024560766407281,0.0010168086577078,22,0.0025364675441091,0.001288616267881,0.0025043323528372,0.0016909627584464,0.0014819360128485,0.0019004629872244,0.0005220290392714,4,svc
105,24,77.73030042648315,2.284063824709514,21.90351023674011,1.0761690069935137,100,0.01,rbf,"{'model__C': 100, 'model__gamma': 0.01, 'model__kernel': 'rbf'}",0.8288412781365202,0.8019939152917918,0.8199221975659144,0.8229191534683252,0.8161626359631494,0.8179678360851401,0.0089999078624604,3,1.0,1.0,1.0,1.0,1.0,1.0,0.0,4,svc
106,25,115.9455102443695,2.7890512752711323,23.100006198883055,0.5308094731278644,100,0.01,poly,"{'model__C': 100, 'model__gamma': 0.01, 'model__kernel': 'poly'}",0.8231322856848096,0.8152888100365908,0.8199077758370464,0.822613526450355,0.8100534282428953,0.8181991652503393,0.004930817600091,2,0.9934160254965388,0.9942991558155236,0.993794832091726,0.9924020822796146,0.9937942386509564,0.9935412668668718,0.0006349980519614,4,svc
107,26,61.5314398765564,5.841966790553485,11.227599668502808,3.2509432285731097,100,0.01,sigmoid,"{'model__C': 100, 'model__gamma': 0.01, 'model__kernel': 'sigmoid'}",0.7135968052618503,0.7075776433738851,0.7079947508274984,0.6676086696596341,0.7037951557999097,0.7001146049845555,0.016551408704253,17,0.7990115269602122,0.8281545372807336,0.8354588871044677,0.8021533310449224,0.8066932704860129,0.8142943105752698,0.0146886885282969,4,svc
108,0,4726.644067335129,66.36162913367313,208.00799555778505,3.85391284702795,1,1.0,rbf,"{'model__C': 1, 'model__gamma': 1, 'model__kernel': 'rbf'}",0.1522047477338396,0.1479964302667892,0.1489139536767693,0.1511195693377602,0.1486363020586084,0.1497742006147533,0.0016070396154066,21,1.0,1.0,1.0,1.0,1.0,1.0,0.0,5,svc
109,1,396.4328934192657,10.790565864001271,75.94837017059326,1.9652590537474064,1,1.0,poly,"{'model__C': 1, 'model__gamma': 1, 'model__kernel': 'poly'}",0.8227948456903189,0.8115632512497453,0.8180038261739155,0.8189613170229734,0.7971978313506421,0.813704214297519,0.0090089707651237,7,1.0,1.0,1.0,1.0,1.0,1.0,0.0,5,svc
110,2,4825.085662174225,111.24789808762436,178.7965627670288,19.28652894353299,1,1.0,sigmoid,"{'model__C': 1, 'model__gamma': 1, 'model__kernel': 'sigmoid'}",6.510241524580198e-05,0.0010625038325552,0.0008629263799472,0.0013249784425326,0.0023056118999323,0.0011242245940426,0.0007252315592841,25,6.500757660619082e-05,0.0014150017247214,0.0013967267609643,0.0023405357487705,0.0016205829115166,0.0013675709445158,0.0007362671571824,5,svc
111,3,812.4149366378784,25.670329421373523,150.45026755332947,12.101174350740626,1,0.1,rbf,"{'model__C': 1, 'model__gamma': 0.1, 'model__kernel': 'rbf'}",0.7691712337272019,0.74349683104238,0.7422944626022825,0.7533870703071254,0.7339662542240819,0.7484631703806144,0.0120494542463885,15,0.9921428357127452,0.9941704328330916,0.9923987348290778,0.992904165555874,0.992523388287036,0.992827911443565,0.0007147634639827,5,svc
112,4,338.77432374954225,32.29569451496589,66.66926193237305,8.555730946778162,1,0.1,poly,"{'model__C': 1, 'model__gamma': 0.1, 'model__kernel': 'poly'}",0.8186444269040773,0.8081709417570758,0.816335087902577,0.8179839769985909,0.7967476572556447,0.8115764181635932,0.0083084043604616,8,1.0,1.0,1.0,1.0,1.0,1.0,0.0,5,svc
113,5,2977.3456694602964,47.53316307375263,222.47105407714844,1.7503467107157522,1,0.1,sigmoid,"{'model__C': 1, 'model__gamma': 0.1, 'model__kernel': 'sigmoid'}",0.0019463037670677,0.0004989757712716,0.0007794129413001,0.0011580770610296,0.0027525503110173,0.0014270639703373,0.0008221529692064,23,0.0016161640540217,0.0001851606809991,0.0011236355552347,0.001404783101158,0.0010402915168488,0.0010740069816525,0.0004892840905696,5,svc
114,6,556.591526556015,26.79347787369809,186.25875482559204,13.67965834862295,1,0.01,rbf,"{'model__C': 1, 'model__gamma': 0.01, 'model__kernel': 'rbf'}",0.8081581968002505,0.802241364827213,0.7943877285395248,0.7954283805819303,0.7921678656930184,0.7984767072883873,0.0058943601984669,10,0.8662933358457386,0.8672467742064198,0.8674797423590114,0.8679551211853159,0.8699309311837432,0.8677811809560458,0.0012034799640157,5,svc
115,7,1200.915381526947,89.60160503557931,157.58669805526733,8.698543814507348,1,0.01,poly,"{'model__C': 1, 'model__gamma': 0.01, 'model__kernel': 'poly'}",0.6148543175548946,0.6155244310180588,0.5983093607978957,0.6049774342469607,0.5921250796114805,0.605158124645858,0.0091463101069786,18,0.6503055897833337,0.652880283531982,0.6513115588253131,0.653449412414386,0.6511286804661557,0.6518151050042341,0.0011669566924067,5,svc
116,8,786.1169800758362,13.73143488340767,149.89768953323363,1.8724331065370303,1,0.01,sigmoid,"{'model__C': 1, 'model__gamma': 0.01, 'model__kernel': 'sigmoid'}",0.7656674760941957,0.7560853636146726,0.7310483199694365,0.7417997173120305,0.7541822034545121,0.7497566160889695,0.0120507835157937,14,0.7854100650826891,0.7881518757921813,0.7947687766994127,0.790597785765307,0.7937401652631514,0.7905337337205482,0.0034683172414349,5,svc
117,9,4640.1287178993225,95.43902176817544,193.31052236557008,15.919086364813738,10,1.0,rbf,"{'model__C': 10, 'model__gamma': 1, 'model__kernel': 'rbf'}",0.1577183218161916,0.1482063426231012,0.1531562303378797,0.1522436064581053,0.1517530359795535,0.1526155074429663,0.0030546357410714,19,1.0,1.0,1.0,1.0,1.0,1.0,0.0,5,svc
118,10,400.5211169719696,8.4177148243304,76.38136353492737,1.4820806326317293,10,1.0,poly,"{'model__C': 10, 'model__gamma': 1, 'model__kernel': 'poly'}",0.8169905823974287,0.8158681167934241,0.8176909618431372,0.8210594090569823,0.7977421080953795,0.8138702356372702,0.0082477482287486,5,1.0,1.0,1.0,1.0,1.0,1.0,0.0,5,svc
119,11,4599.736127376556,74.74849126773478,210.70582127571103,31.68607572194908,10,1.0,sigmoid,"{'model__C': 10, 'model__gamma': 1, 'model__kernel': 'sigmoid'}",6.513697066790695e-05,0.0009967384505746,6.98452206820357e-05,0.0014018667687685,0.0008112103441213,0.0006689595509628,0.0005269472410628,27,6.510241524580198e-05,0.0014603659303815,0.001348986238602,0.0023213058749963,0.0002873303581256,0.0010966181634702,0.0008264180013475,5,svc
120,12,847.9618765354156,77.58978064955771,139.27827076911927,20.433320729723103,10,0.1,rbf,"{'model__C': 10, 'model__gamma': 0.1, 'model__kernel': 'rbf'}",0.7769291621750202,0.7643212207714908,0.7589776615582632,0.769193950259767,0.7496363171054334,0.7638116623739949,0.0092261091587419,13,1.0,1.0,1.0,1.0,1.0,1.0,0.0,5,svc
121,13,338.8936065196991,40.24654854033503,68.77339162826539,9.46637101966312,10,0.1,poly,"{'model__C': 10, 'model__gamma': 0.1, 'model__kernel': 'poly'}",0.8218410418540838,0.8092494410866674,0.8182312496200318,0.8199339745822755,0.7997438297323775,0.8137999073750872,0.0082486784449797,6,1.0,1.0,1.0,1.0,1.0,1.0,0.0,5,svc
122,14,2723.288912963867,80.56861296816676,220.8540291309357,1.36162286181184,10,0.1,sigmoid,"{'model__C': 10, 'model__gamma': 0.1, 'model__kernel': 'sigmoid'}",0.0021090556904076,0.0002593042102815,0.0013870690887277,0.0009254458392698,0.0015147689977278,0.0012391287652829,0.0006185612126145,24,0.0019761430066117,0.0005567333896068,0.0016169096266607,0.001291573969475,0.0012603628520382,0.0013403445688785,0.0004697978312603,5,svc
123,15,308.77295846939086,17.624865261472966,100.23705883026123,8.006497429954813,10,0.01,rbf,"{'model__C': 10, 'model__gamma': 0.01, 'model__kernel': 'rbf'}",0.8264636961711865,0.8304712203765086,0.8329583031491316,0.8279615534383836,0.8253531697672414,0.8286415885804903,0.0027568437971148,1,0.978189948032199,0.9767914484839744,0.9788335342341754,0.9769317806707092,0.9771740147870602,0.9775841452416236,0.0007937410848016,5,svc
124,16,569.4307454109191,9.22175202165672,118.4127923488617,4.932655388411557,10,0.01,poly,"{'model__C': 10, 'model__gamma': 0.01, 'model__kernel': 'poly'}",0.77520841216442,0.7845217668508832,0.772641928877042,0.7766164726119268,0.7676174996578815,0.7753212160324306,0.0055293105415199,11,0.9024135389350632,0.9036957750922072,0.9034370387690952,0.9027610081987024,0.9058744864509454,0.9036363694892028,0.001209462793899,5,svc
125,17,341.2333819389343,2.891706696023072,72.52449808120727,1.613128463320106,10,0.01,sigmoid,"{'model__C': 10, 'model__gamma': 0.01, 'model__kernel': 'sigmoid'}",0.7766682790663884,0.7408140863941248,0.7396861199249682,0.7339443852387225,0.7174439861198506,0.7417113713488108,0.0193707213075815,16,0.827867424021026,0.8282146587890016,0.8267146040369465,0.8278581219688219,0.7968095997821681,0.8214928817195929,0.0123520374927858,5,svc
126,18,4505.779315948486,65.57258985250287,168.3643445968628,4.697516754122169,100,1.0,rbf,"{'model__C': 100, 'model__gamma': 1, 'model__kernel': 'rbf'}",0.1555805021013768,0.1482063426231012,0.1500159063858358,0.1544498352539091,0.1497543303045822,0.151601383333761,0.0028774540128462,20,1.0,1.0,1.0,1.0,1.0,1.0,0.0,5,svc
127,19,391.1947326660156,6.672174998295635,74.40935802459717,1.0089772667998642,100,1.0,poly,"{'model__C': 100, 'model__gamma': 1, 'model__kernel': 'poly'}",0.8161924925160997,0.8116820742700095,0.8140300334912095,0.8195343153838041,0.7951949984942194,0.8113267828310684,0.008470029319571,9,1.0,1.0,1.0,1.0,1.0,1.0,0.0,5,svc
128,20,4418.332144212723,12.492833069508457,208.33148469924927,3.1180050980452463,100,1.0,sigmoid,"{'model__C': 100, 'model__gamma': 1, 'model__kernel': 'sigmoid'}",0.000148088470104,0.0012206633358643,6.933223318550097e-05,6.82145929618325e-05,0.0018780540688373,0.0006768705401906,0.0007426611351537,26,6.644182606298684e-05,0.0009796017803235,0.0006743636537673,0.0014851603185267,0.0004381469836158,0.0007287429124592,0.0004819010874579,5,svc
129,21,828.9777150154114,88.87959674103516,126.70435719490052,2.16000242319525,100,0.1,rbf,"{'model__C': 100, 'model__gamma': 0.1, 'model__kernel': 'rbf'}",0.7789402876282637,0.7667295265962103,0.7605460916115583,0.7697675381864172,0.7490437330368567,0.7650054354118613,0.0099447665571182,12,1.0,1.0,1.0,1.0,1.0,1.0,0.0,5,svc
130,22,321.3661660671234,26.774762180427015,63.5225022315979,6.168846112245457,100,0.1,poly,"{'model__C': 100, 'model__gamma': 0.1, 'model__kernel': 'poly'}",0.8202825931153711,0.8127065820797953,0.8181144947442509,0.8219598605465512,0.796600467291458,0.8139327995554853,0.0092103584302407,4,1.0,1.0,1.0,1.0,1.0,1.0,0.0,5,svc
131,23,2391.6369075298308,91.45500475735314,143.6310779094696,3.917458172696776,100,0.1,sigmoid,"{'model__C': 100, 'model__gamma': 0.1, 'model__kernel': 'sigmoid'}",0.0039140394556322,0.0002446958947614,0.0007556100550381,0.0009091498248406,0.002540179086225,0.0016727348632995,0.0013593661078641,22,0.0053458443404899,0.0005184130608957,0.001954201297689,0.0016750136782034,0.0023383856602118,0.002366371607498,0.0016087791595203,5,svc
132,24,270.05590891838074,10.048213104878098,85.4305456161499,3.517963638251996,100,0.01,rbf,"{'model__C': 100, 'model__gamma': 0.01, 'model__kernel': 'rbf'}",0.828925902930871,0.803541119026465,0.823889567314708,0.8214350753691342,0.8121386594673312,0.8179860648217019,0.0090473828447978,2,1.0,1.0,1.0,1.0,1.0,1.0,0.0,5,svc
133,25,368.5473469734192,15.954851960094526,73.26780238151551,5.587856642867287,100,0.01,poly,"{'model__C': 100, 'model__gamma': 0.01, 'model__kernel': 'poly'}",0.8240314725311753,0.8111787709733377,0.8131574925631484,0.8245011921978715,0.8086781613842399,0.8163094179299545,0.0066517597836754,3,0.9931614680292816,0.994553344842072,0.9935415432247076,0.992529244670431,0.9940472490737446,0.9935665699680474,0.0006993646754604,5,svc
134,26,229.3749310016632,13.092470716059042,41.47561564445496,4.38662243951356,100,0.01,sigmoid,"{'model__C': 100, 'model__gamma': 0.01, 'model__kernel': 'sigmoid'}",0.728214666137661,0.6892865707542674,0.7140417192442468,0.6949440904284357,0.720802985347706,0.7094580063824634,0.0149604266524478,17,0.8298326453730609,0.7961400719407747,0.8244510988071132,0.8298182912232691,0.8400151253503915,0.8240514465389218,0.0148372662755816,5,svc
